<?xml version="1.0" encoding="UTF-8"?>
<project-private xmlns="http://www.netbeans.org/ns/project-private/1">
    <editor-bookmarks xmlns="http://www.netbeans.org/ns/editor-bookmarks/2" lastBookmarkId="0"/>
    <open-files xmlns="http://www.netbeans.org/ns/projectui-open-files/2">
        <group>
            <file>file:/C:/Users/haika/NetBeansProjects/StoryBoard584/web/admin.html</file>
            <file>file:/C:/Users/haika/NetBeansProjects/StoryBoard584/web/dashboardStudent.html</file>
            <file>file:/C:/Users/haika/NetBeansProjects/StoryBoard584/web/activityStudent.html</file>
            <file>file:/C:/Users/haika/NetBeansProjects/StoryBoard584/web/adminAnnouncement.html</file>
            <file>file:/C:/Users/haika/NetBeansProjects/StoryBoard584/web/index.html</file>
            <file>file:/C:/Users/haika/NetBeansProjects/StoryBoard584/web/adminActivity.html</file>
            <file>file:/C:/Users/haika/NetBeansProjects/StoryBoard584/web/register.html</file>
        </group>
    </open-files>
</project-private>
